query_id,source_id,source_type,query,normalized_query,intent,funnel_stage,pillar_id,topic_id,surface,country,language,observed_at,volume,difficulty,impressions,clicks,ctr,avg_position,trend_delta,trend_window,evidence_use,notes
dq-0001,ai-citation-log-2026-06-18,manual_ai_prompt_export,what is employee-generated content,what is employee-generated content,definition,unknown,pillar-employee-generated-content,topic-egc-definition,google_search,US,en,2026-06-18,,,,,,,,,discovery_only,"AI citation observation. Missing angle: Indexed answer-first definition is missing from live SERPs, so Sell In Public does not appear for the head term.. Recommended action: investigate."
dq-0002,ai-citation-log-2026-06-18,manual_ai_prompt_export,employee-generated content examples b2b,employee-generated content examples b2b,examples,unknown,pillar-employee-generated-content,topic-egc-definition,google_search,US,en,2026-06-18,,,,,,,,,discovery_only,"AI citation observation. Missing angle: Sell In Public has B2B examples in the article, but they are not discoverable in live search and there is no standalone examples page.. Recommended action: expand."
dq-0003,ai-citation-log-2026-06-18,manual_ai_prompt_export,measure employee-generated content beyond impressions,measure employee-generated content beyond impressions,measurement,unknown,pillar-measurement-learning,topic-measure-egc-beyond-impressions,google_search,US,en,2026-06-18,,,,,,,,,discovery_only,"AI citation observation. Missing angle: The hub page has a measurement section, but the market is routing measurement intent to broader EGC guides because no dedicated Sell In Public page is live.. Recommended action: expand."
dq-0004,ai-citation-log-2026-06-18,manual_ai_prompt_export,employee-generated content vs employee advocacy,employee-generated content vs employee advocacy,comparison,unknown,pillar-employee-generated-content,topic-egc-vs-advocacy,google_search,US,en,2026-06-18,,,,,,,,,discovery_only,"AI citation observation. Missing angle: Current Sell In Public page covers the distinction, but the live route is unavailable and there is no dedicated comparison asset indexed.. Recommended action: expand."
dq-0005,manual-topic-seed-2026-06-18-daily-plan-topic-seeds-2026-06-18,manual_topic_seed,"What is employee-generated content, and how is it different from employee advocacy?",what is employee-generated content and how is it different from employee advocacy,other,unknown,pillar-employee-generated-content,topic-egc-definition,manual_topic_seed,US,en,2026-06-18,,,,,,,,,discovery_only,Generated from daily content plan topic candidates. Discovery-only topic seed. Does not validate demand or unlock packet intake. Next action: monitor performance and add internal links
dq-0006,manual-topic-seed-2026-06-18-daily-plan-topic-seeds-2026-06-18,manual_topic_seed,How is employee-generated content different from employee advocacy?,how is employee-generated content different from employee advocacy,comparison,unknown,pillar-employee-generated-content,topic-egc-vs-advocacy,manual_topic_seed,US,en,2026-06-18,,,,,,,,,discovery_only,Generated from daily content plan topic candidates. Discovery-only topic seed. Does not validate demand or unlock packet intake. Next action: resolve_packet_intake_gate:source_readiness_needs_source_refresh
dq-0007,manual-topic-seed-2026-06-18-daily-plan-topic-seeds-2026-06-18,manual_topic_seed,How do you turn employee expertise into useful LinkedIn posts?,how do you turn employee expertise into useful linkedin posts,how_to,unknown,pillar-content-operations,topic-turn-employee-expertise-into-posts,manual_topic_seed,US,en,2026-06-18,,,,,,,,,discovery_only,Generated from daily content plan topic candidates. Discovery-only topic seed. Does not validate demand or unlock packet intake. Next action: resolve_packet_intake_gate:source_readiness_needs_sme
dq-0008,manual-topic-seed-2026-06-18-daily-plan-topic-seeds-2026-06-18,manual_topic_seed,What are good examples of employee-generated content in B2B?,what are good examples of employee-generated content in b2b,examples,unknown,pillar-employee-generated-content,topic-egc-examples,manual_topic_seed,US,en,2026-06-18,,,,,,,,,discovery_only,Generated from daily content plan topic candidates. Discovery-only topic seed. Does not validate demand or unlock packet intake. Next action: resolve_packet_intake_gate:source_readiness_partial
dq-0009,manual-topic-seed-2026-06-18-daily-plan-topic-seeds-2026-06-18,manual_topic_seed,How should B2B teams measure employee-generated content beyond impressions?,how should b2b teams measure employee-generated content beyond impressions,measurement,unknown,pillar-measurement-learning,topic-measure-egc-beyond-impressions,manual_topic_seed,US,en,2026-06-18,,,,,,,,,discovery_only,Generated from daily content plan topic candidates. Discovery-only topic seed. Does not validate demand or unlock packet intake. Next action: resolve_packet_intake_gate:source_readiness_needs_metric_sources
dq-0010,manual-topic-seed-2026-06-18-daily-plan-topic-seeds-2026-06-18,manual_topic_seed,"What can B2B teams learn from Clay, Lovable, and GitLab's public content loops?",what can b2b teams learn from clay lovable and gitlab s public content loops,case_study,unknown,pillar-examples-case-studies,topic-clay-lovable-gitlab,manual_topic_seed,US,en,2026-06-18,,,,,,,,,discovery_only,Generated from daily content plan topic candidates. Discovery-only topic seed. Does not validate demand or unlock packet intake. Next action: resolve_packet_intake_gate:source_readiness_partial
dq-0011,manual-topic-seed-2026-06-18-daily-plan-topic-seeds-2026-06-18,manual_topic_seed,How should B2B sales teams build LinkedIn content infrastructure?,how should b2b sales teams build linkedin content infrastructure,how_to,unknown,pillar-linkedin-led-gtm,topic-linkedin-content-infrastructure,manual_topic_seed,US,en,2026-06-18,,,,,,,,,discovery_only,Generated from daily content plan topic candidates. Discovery-only topic seed. Does not validate demand or unlock packet intake. Next action: resolve_packet_intake_gate:source_readiness_needs_source_refresh
dq-0012,manual-topic-seed-2026-06-18-daily-plan-topic-seeds-2026-06-18,manual_topic_seed,How should teams review employee-generated content without making it generic?,how should teams review employee-generated content without making it generic,how_to,unknown,pillar-content-operations,topic-content-review-without-killing-voice,manual_topic_seed,US,en,2026-06-18,,,,,,,,,discovery_only,Generated from daily content plan topic candidates. Discovery-only topic seed. Does not validate demand or unlock packet intake. Next action: turn into checklist section first
dq-0013,manual-topic-seed-2026-06-18-daily-plan-topic-seeds-2026-06-18,manual_topic_seed,9 ways to improve seo rankings and traffic,9 ways to improve seo rankings and traffic,measurement,unknown,pillar-measurement-learning,,manual_topic_seed,US,en,2026-06-18,,,,,,,,,discovery_only,Generated from daily content plan topic candidates. Discovery-only topic seed. Does not validate demand or unlock packet intake. Next action: map_as_h2_in_parent_topic:needs_parent_topic
dq-0014,manual-topic-seed-2026-06-18-daily-plan-topic-seeds-2026-06-18,manual_topic_seed,Should every employee post on LinkedIn?,should every employee post on linkedin,objection,unknown,pillar-employee-generated-content,topic-should-every-employee-post,manual_topic_seed,US,en,2026-06-18,,,,,,,,,discovery_only,Generated from daily content plan topic candidates. Discovery-only topic seed. Does not validate demand or unlock packet intake. Next action: keep as FAQ until evidence improves
dq-0015,manual-topic-seed-2026-06-18-daily-plan-topic-seeds-2026-06-18,manual_topic_seed,a new guide how to prove the value of b2b marketing,a new guide how to prove the value of b2b marketing,how_to,unknown,pillar-employee-generated-content,,manual_topic_seed,US,en,2026-06-18,,,,,,,,,discovery_only,Generated from daily content plan topic candidates. Discovery-only topic seed. Does not validate demand or unlock packet intake. Next action: map_as_h2_in_parent_topic:needs_parent_topic
dq-0016,manual-topic-seed-2026-06-18-daily-plan-topic-seeds-2026-06-18,manual_topic_seed,the ai perception-reality gap,the ai perception-reality gap,other,unknown,pillar-employee-generated-content,,manual_topic_seed,US,en,2026-06-18,,,,,,,,,discovery_only,Generated from daily content plan topic candidates. Discovery-only topic seed. Does not validate demand or unlock packet intake. Next action: map_as_h2_in_parent_topic:needs_parent_topic
dq-0017,manual-topic-seed-2026-06-18-daily-plan-topic-seeds-2026-06-18,manual_topic_seed,How do answer engines decide which B2B content to cite?,how do answer engines decide which b2b content to cite,aeo_strategy,unknown,pillar-employee-generated-content,,manual_topic_seed,US,en,2026-06-18,,,,,,,,,discovery_only,Generated from daily content plan topic candidates. Discovery-only topic seed. Does not validate demand or unlock packet intake. Next action: map_as_h2_in_parent_topic:needs_parent_topic
dq-0018,manual-topic-seed-2026-06-18-daily-plan-topic-seeds-2026-06-18,manual_topic_seed,introducing search generative ai performance reports in search console,introducing search generative ai performance reports in search console,other,unknown,pillar-employee-generated-content,,manual_topic_seed,US,en,2026-06-18,,,,,,,,,discovery_only,Generated from daily content plan topic candidates. Discovery-only topic seed. Does not validate demand or unlock packet intake. Next action: map_as_h2_in_parent_topic:needs_parent_topic
dq-0019,manual-topic-seed-2026-06-18-daily-plan-topic-seeds-2026-06-18,manual_topic_seed,a new resource for optimizing for generative ai in google search,a new resource for optimizing for generative ai in google search,other,unknown,pillar-employee-generated-content,,manual_topic_seed,US,en,2026-06-18,,,,,,,,,discovery_only,Generated from daily content plan topic candidates. Discovery-only topic seed. Does not validate demand or unlock packet intake. Next action: map_as_h2_in_parent_topic:needs_parent_topic
dq-0020,manual-topic-seed-2026-06-18-daily-plan-topic-seeds-2026-06-18,manual_topic_seed,11 ways to automate seo with agent a,11 ways to automate seo with agent a,other,unknown,pillar-employee-generated-content,,manual_topic_seed,US,en,2026-06-18,,,,,,,,,discovery_only,Generated from daily content plan topic candidates. Discovery-only topic seed. Does not validate demand or unlock packet intake. Next action: map_as_h2_in_parent_topic:needs_parent_topic
dq-0021,manual-topic-seed-2026-06-18-daily-plan-topic-seeds-2026-06-18,manual_topic_seed,how i use my ai marketing assistant after 200 hours,how i use my ai marketing assistant after 200 hours,other,unknown,pillar-employee-generated-content,,manual_topic_seed,US,en,2026-06-18,,,,,,,,,discovery_only,Generated from daily content plan topic candidates. Discovery-only topic seed. Does not validate demand or unlock packet intake. Next action: map_as_h2_in_parent_topic:needs_parent_topic
dq-0022,manual-topic-seed-2026-06-18-daily-plan-topic-seeds-2026-06-18,manual_topic_seed,we analyzed 137k sites 97 of llms txt files never get read,we analyzed 137k sites 97 of llms txt files never get read,other,unknown,pillar-employee-generated-content,,manual_topic_seed,US,en,2026-06-18,,,,,,,,,discovery_only,Generated from daily content plan topic candidates. Discovery-only topic seed. Does not validate demand or unlock packet intake. Next action: map_as_h2_in_parent_topic:needs_parent_topic
dq-0023,manual-topic-seed-2026-06-18-daily-plan-topic-seeds-2026-06-18,manual_topic_seed,how to level-up from seo tactician to search visibility leader,how to level-up from seo tactician to search visibility leader,how_to,unknown,pillar-measurement-learning,,manual_topic_seed,US,en,2026-06-18,,,,,,,,,discovery_only,Generated from daily content plan topic candidates. Discovery-only topic seed. Does not validate demand or unlock packet intake. Next action: map_as_h2_in_parent_topic:needs_parent_topic
dq-0024,manual-topic-seed-2026-06-18-daily-plan-topic-seeds-2026-06-18,manual_topic_seed,9 vibe coding examples ai apps you can use right now to grow your website,9 vibe coding examples ai apps you can use right now to grow your website,examples,unknown,pillar-examples-case-studies,,manual_topic_seed,US,en,2026-06-18,,,,,,,,,discovery_only,Generated from daily content plan topic candidates. Discovery-only topic seed. Does not validate demand or unlock packet intake. Next action: map_as_h2_in_parent_topic:needs_parent_topic
dq-0025,manual-topic-seed-2026-06-18-daily-plan-topic-seeds-2026-06-18,manual_topic_seed,what is ai sentiment analysis a marketer s guide,what is ai sentiment analysis a marketer s guide,definition,unknown,pillar-employee-generated-content,,manual_topic_seed,US,en,2026-06-18,,,,,,,,,discovery_only,Generated from daily content plan topic candidates. Discovery-only topic seed. Does not validate demand or unlock packet intake. Next action: map_as_h2_in_parent_topic:needs_parent_topic
dq-0026,manual-topic-seed-2026-06-18-daily-plan-topic-seeds-2026-06-18,manual_topic_seed,bot traffic now exceeds traffic from human users,bot traffic now exceeds traffic from human users,measurement,unknown,pillar-measurement-learning,,manual_topic_seed,US,en,2026-06-18,,,,,,,,,discovery_only,Generated from daily content plan topic candidates. Discovery-only topic seed. Does not validate demand or unlock packet intake. Next action: map_as_h2_in_parent_topic:needs_parent_topic
dq-0027,manual-topic-seed-2026-06-18-daily-plan-topic-seeds-2026-06-18,manual_topic_seed,12 seo writing tips to earn visibility 2026,12 seo writing tips to earn visibility 2026,measurement,unknown,pillar-measurement-learning,,manual_topic_seed,US,en,2026-06-18,,,,,,,,,discovery_only,Generated from daily content plan topic candidates. Discovery-only topic seed. Does not validate demand or unlock packet intake. Next action: map_as_h2_in_parent_topic:needs_parent_topic
dq-0028,manual-topic-seed-2026-06-18-daily-plan-topic-seeds-2026-06-18,manual_topic_seed,how rtcamp closed the ai perception gap costing them enterprise deals,how rtcamp closed the ai perception gap costing them enterprise deals,other,unknown,pillar-employee-generated-content,,manual_topic_seed,US,en,2026-06-18,,,,,,,,,discovery_only,Generated from daily content plan topic candidates. Discovery-only topic seed. Does not validate demand or unlock packet intake. Next action: map_as_h2_in_parent_topic:needs_parent_topic
dq-0029,manual-topic-seed-2026-06-18-daily-plan-topic-seeds-2026-06-18,manual_topic_seed,why 62 of ai citations don t lead to brand mentions study,why 62 of ai citations don t lead to brand mentions study,measurement,unknown,pillar-measurement-learning,,manual_topic_seed,US,en,2026-06-18,,,,,,,,,discovery_only,Generated from daily content plan topic candidates. Discovery-only topic seed. Does not validate demand or unlock packet intake. Next action: map_as_h2_in_parent_topic:needs_parent_topic
dq-0030,manual-topic-seed-2026-06-18-daily-plan-topic-seeds-2026-06-18,manual_topic_seed,how to decide which ai search prompts to track,how to decide which ai search prompts to track,how_to,unknown,pillar-employee-generated-content,,manual_topic_seed,US,en,2026-06-18,,,,,,,,,discovery_only,Generated from daily content plan topic candidates. Discovery-only topic seed. Does not validate demand or unlock packet intake. Next action: map_as_h2_in_parent_topic:needs_parent_topic
dq-0031,manual-topic-seed-2026-06-18-daily-plan-topic-seeds-2026-06-18,manual_topic_seed,google s ai search optimization guide what to do next,google s ai search optimization guide what to do next,other,unknown,pillar-employee-generated-content,,manual_topic_seed,US,en,2026-06-18,,,,,,,,,discovery_only,Generated from daily content plan topic candidates. Discovery-only topic seed. Does not validate demand or unlock packet intake. Next action: map_as_h2_in_parent_topic:needs_parent_topic
dq-0032,manual-topic-seed-2026-06-18-daily-plan-topic-seeds-2026-06-18,manual_topic_seed,how to get indexed by chatgpt 2026,how to get indexed by chatgpt 2026,how_to,unknown,pillar-employee-generated-content,,manual_topic_seed,US,en,2026-06-18,,,,,,,,,discovery_only,Generated from daily content plan topic candidates. Discovery-only topic seed. Does not validate demand or unlock packet intake. Next action: map_as_h2_in_parent_topic:needs_parent_topic
dq-0033,manual-topic-seed-2026-06-18-daily-plan-topic-seeds-2026-06-18,manual_topic_seed,faqs for aeo how to structure answers that rank in answer engines,faqs for aeo how to structure answers that rank in answer engines,how_to,unknown,pillar-employee-generated-content,,manual_topic_seed,US,en,2026-06-18,,,,,,,,,discovery_only,Generated from daily content plan topic candidates. Discovery-only topic seed. Does not validate demand or unlock packet intake. Next action: map_as_h2_in_parent_topic:needs_parent_topic
dq-0034,manual-topic-seed-2026-06-18-daily-plan-topic-seeds-2026-06-18,manual_topic_seed,schema markup for aeo how to implement it to boost answer engine visibility in 2026,schema markup for aeo how to implement it to boost answer engine visibility in 2026,how_to,unknown,pillar-measurement-learning,,manual_topic_seed,US,en,2026-06-18,,,,,,,,,discovery_only,Generated from daily content plan topic candidates. Discovery-only topic seed. Does not validate demand or unlock packet intake. Next action: map_as_h2_in_parent_topic:needs_parent_topic
dq-0035,manual-topic-seed-2026-06-18-daily-plan-topic-seeds-2026-06-18,manual_topic_seed,keyword research for aeo a guide for winning answer engine traffic in 2026,keyword research for aeo a guide for winning answer engine traffic in 2026,measurement,unknown,pillar-measurement-learning,,manual_topic_seed,US,en,2026-06-18,,,,,,,,,discovery_only,Generated from daily content plan topic candidates. Discovery-only topic seed. Does not validate demand or unlock packet intake. Next action: map_as_h2_in_parent_topic:needs_parent_topic
dq-0036,manual-topic-seed-2026-06-18-daily-plan-topic-seeds-2026-06-18,manual_topic_seed,on-page content formats answer engines actually favor new research,on-page content formats answer engines actually favor new research,other,unknown,pillar-employee-generated-content,,manual_topic_seed,US,en,2026-06-18,,,,,,,,,discovery_only,Generated from daily content plan topic candidates. Discovery-only topic seed. Does not validate demand or unlock packet intake. Next action: map_as_h2_in_parent_topic:needs_parent_topic
dq-0037,manual-topic-seed-2026-06-18-daily-plan-topic-seeds-2026-06-18,manual_topic_seed,the multiplier effect how linkedin ads boosts search content and pipeline,the multiplier effect how linkedin ads boosts search content and pipeline,other,unknown,pillar-linkedin-led-gtm,,manual_topic_seed,US,en,2026-06-18,,,,,,,,,discovery_only,Generated from daily content plan topic candidates. Discovery-only topic seed. Does not validate demand or unlock packet intake. Next action: map_as_h2_in_parent_topic:needs_parent_topic
dq-0038,manual-topic-seed-2026-06-18-daily-plan-topic-seeds-2026-06-18,manual_topic_seed,fear of messing up the hidden emotion driving b2b decisions,fear of messing up the hidden emotion driving b2b decisions,other,unknown,pillar-employee-generated-content,,manual_topic_seed,US,en,2026-06-18,,,,,,,,,discovery_only,Generated from daily content plan topic candidates. Discovery-only topic seed. Does not validate demand or unlock packet intake. Next action: map_as_h2_in_parent_topic:needs_parent_topic
dq-0039,manual-topic-seed-2026-06-18-daily-plan-topic-seeds-2026-06-18,manual_topic_seed,the principles of buyability why strong deals stall and what separates the vendors who get chosen,the principles of buyability why strong deals stall and what separates the vendors who get chosen,vendor_evaluation,unknown,pillar-employee-generated-content,,manual_topic_seed,US,en,2026-06-18,,,,,,,,,discovery_only,Generated from daily content plan topic candidates. Discovery-only topic seed. Does not validate demand or unlock packet intake. Next action: map_as_h2_in_parent_topic:needs_parent_topic
dq-0040,manual-topic-seed-2026-06-18-daily-plan-topic-seeds-2026-06-18,manual_topic_seed,how to grow your ai search visibility with linkedin content,how to grow your ai search visibility with linkedin content,how_to,unknown,pillar-linkedin-led-gtm,,manual_topic_seed,US,en,2026-06-18,,,,,,,,,discovery_only,Generated from daily content plan topic candidates. Discovery-only topic seed. Does not validate demand or unlock packet intake. Next action: map_as_h2_in_parent_topic:needs_parent_topic
dq-0041,manual-topic-seed-2026-06-18-daily-plan-topic-seeds-2026-06-18,manual_topic_seed,how to rank in ai search results expert best practices,how to rank in ai search results expert best practices,how_to,unknown,pillar-employee-generated-content,,manual_topic_seed,US,en,2026-06-18,,,,,,,,,discovery_only,Generated from daily content plan topic candidates. Discovery-only topic seed. Does not validate demand or unlock packet intake. Next action: map_as_h2_in_parent_topic:needs_parent_topic
dq-0042,manual-topic-seed-2026-06-18-daily-plan-topic-seeds-2026-06-18,manual_topic_seed,6 best ai prospecting tools our picks for 2026,6 best ai prospecting tools our picks for 2026,vendor_evaluation,unknown,pillar-employee-generated-content,,manual_topic_seed,US,en,2026-06-18,,,,,,,,,discovery_only,Generated from daily content plan topic candidates. Discovery-only topic seed. Does not validate demand or unlock packet intake. Next action: map_as_h2_in_parent_topic:needs_parent_topic
dq-0043,manual-topic-seed-2026-06-18-daily-plan-topic-seeds-2026-06-18,manual_topic_seed,sales outreach tools that integrate with your crm our favorite picks for 2026,sales outreach tools that integrate with your crm our favorite picks for 2026,vendor_evaluation,unknown,pillar-employee-generated-content,,manual_topic_seed,US,en,2026-06-18,,,,,,,,,discovery_only,Generated from daily content plan topic candidates. Discovery-only topic seed. Does not validate demand or unlock packet intake. Next action: map_as_h2_in_parent_topic:needs_parent_topic
dq-0044,manual-topic-seed-2026-06-18-daily-plan-topic-seeds-2026-06-18,manual_topic_seed,future of ai in customer relationship management what s coming next,future of ai in customer relationship management what s coming next,other,unknown,pillar-employee-generated-content,,manual_topic_seed,US,en,2026-06-18,,,,,,,,,discovery_only,Generated from daily content plan topic candidates. Discovery-only topic seed. Does not validate demand or unlock packet intake. Next action: map_as_h2_in_parent_topic:needs_parent_topic
dq-0045,manual-topic-seed-2026-06-18-daily-plan-topic-seeds-2026-06-18,manual_topic_seed,real ai crm use cases driving revenue growth in 2025,real ai crm use cases driving revenue growth in 2025,other,unknown,pillar-employee-generated-content,,manual_topic_seed,US,en,2026-06-18,,,,,,,,,discovery_only,Generated from daily content plan topic candidates. Discovery-only topic seed. Does not validate demand or unlock packet intake. Next action: map_as_h2_in_parent_topic:needs_parent_topic
dq-0046,manual-topic-seed-2026-06-18-daily-plan-topic-seeds-2026-06-18,manual_topic_seed,5 best ai crms for real estate agents the 2026 roundup,5 best ai crms for real estate agents the 2026 roundup,vendor_evaluation,unknown,pillar-employee-generated-content,,manual_topic_seed,US,en,2026-06-18,,,,,,,,,discovery_only,Generated from daily content plan topic candidates. Discovery-only topic seed. Does not validate demand or unlock packet intake. Next action: map_as_h2_in_parent_topic:needs_parent_topic
dq-0047,manual-topic-seed-2026-06-18-daily-plan-topic-seeds-2026-06-18,manual_topic_seed,what is an ai agent a plain-english guide,what is an ai agent a plain-english guide,definition,unknown,pillar-employee-generated-content,,manual_topic_seed,US,en,2026-06-18,,,,,,,,,discovery_only,Generated from daily content plan topic candidates. Discovery-only topic seed. Does not validate demand or unlock packet intake. Next action: map_as_h2_in_parent_topic:needs_parent_topic
dq-0048,manual-topic-seed-2026-06-18-daily-plan-topic-seeds-2026-06-18,manual_topic_seed,10 seo trends i ve seen firsthand in 2026 with data,10 seo trends i ve seen firsthand in 2026 with data,other,unknown,pillar-employee-generated-content,,manual_topic_seed,US,en,2026-06-18,,,,,,,,,discovery_only,Generated from daily content plan topic candidates. Discovery-only topic seed. Does not validate demand or unlock packet intake. Next action: map_as_h2_in_parent_topic:needs_parent_topic
dq-0049,manual-topic-seed-2026-06-18-daily-plan-topic-seeds-2026-06-18,manual_topic_seed,why category entry points belong in every ai search strategy,why category entry points belong in every ai search strategy,other,unknown,pillar-employee-generated-content,,manual_topic_seed,US,en,2026-06-18,,,,,,,,,discovery_only,Generated from daily content plan topic candidates. Discovery-only topic seed. Does not validate demand or unlock packet intake. Next action: map_as_h2_in_parent_topic:needs_parent_topic
dq-0050,manual-topic-seed-2026-06-18-daily-plan-topic-seeds-2026-06-18,manual_topic_seed,how to prove incremental marketing impact with linkedin s new tools,how to prove incremental marketing impact with linkedin s new tools,how_to,unknown,pillar-linkedin-led-gtm,,manual_topic_seed,US,en,2026-06-18,,,,,,,,,discovery_only,Generated from daily content plan topic candidates. Discovery-only topic seed. Does not validate demand or unlock packet intake. Next action: map_as_h2_in_parent_topic:needs_parent_topic
dq-0051,manual-topic-seed-2026-06-18-daily-plan-topic-seeds-2026-06-18,manual_topic_seed,automated seo what it is and how it works in 2026,automated seo what it is and how it works in 2026,other,unknown,pillar-employee-generated-content,,manual_topic_seed,US,en,2026-06-18,,,,,,,,,discovery_only,Generated from daily content plan topic candidates. Discovery-only topic seed. Does not validate demand or unlock packet intake. Next action: map_as_h2_in_parent_topic:needs_parent_topic
dq-0052,google_trends_csv_export-2026-06-18-google-trends-topic-turn-employee-expertise-into-posts-2026-06-18,google_trends_csv_export,How do you turn employee expertise into useful LinkedIn posts?,how do you turn employee expertise into useful linkedin posts,how_to,unknown,pillar-content-operations,topic-turn-employee-expertise-into-posts,Google Trends Explore browser CSV export,US,en,2025-08-31,,,,,,,100,Past 12 months weekly interest_over_time,discovery_only,Discovery-only query row. Do not cite as factual evidence.
dq-0053,google_trends_csv_export-2026-06-18-google-trends-topic-turn-employee-expertise-into-posts-2026-06-18,google_trends_csv_export,How do you turn employee expertise into useful LinkedIn posts?,how do you turn employee expertise into useful linkedin posts,how_to,unknown,pillar-content-operations,topic-turn-employee-expertise-into-posts,Google Trends Explore browser CSV export,US,en,2026-03-08,,,,,,,97,Past 12 months weekly interest_over_time,discovery_only,Discovery-only query row. Do not cite as factual evidence.
dq-0054,google-trends-2026-06-18-google-trends-topic-turn-employee-expertise-into-posts-2026-06-18,google_trends_csv_export,How do you turn employee expertise into useful LinkedIn posts?,how do you turn employee expertise into useful linkedin posts,how_to,unknown,pillar-content-operations,topic-turn-employee-expertise-into-posts,Google Trends Explore browser CSV export,US,en,2025-08-31,,,,,,,100,Past 12 months weekly interest_over_time,discovery_only,Exported Google Trends Interest over time index; zero-value weeks omitted; related subregion topics and queries had insufficient data
dq-0055,google-trends-2026-06-18-google-trends-topic-turn-employee-expertise-into-posts-2026-06-18,google_trends_csv_export,How do you turn employee expertise into useful LinkedIn posts?,how do you turn employee expertise into useful linkedin posts,how_to,unknown,pillar-content-operations,topic-turn-employee-expertise-into-posts,Google Trends Explore browser CSV export,US,en,2026-03-08,,,,,,,97,Past 12 months weekly interest_over_time,discovery_only,Exported Google Trends Interest over time index; zero-value weeks omitted; related subregion topics and queries had insufficient data
dq-0056,public-trends-google-search-central-20260618,public_source_trend_export,Introducing Search Generative AI performance reports in Search Console,introducing search generative ai performance reports in search console,other,unknown,pillar-employee-generated-content,,official_search_blog,US,en,"Wed, 03 Jun 2026 00:00:00 +0000",,,,,,,,latest_public_feed,discovery_only,Official Google Search Central feed. Discovery only; verify facts against the canonical post before citing.
dq-0057,public-trends-google-search-central-20260618,public_source_trend_export,A new resource for optimizing for generative AI in Google Search,a new resource for optimizing for generative ai in google search,other,unknown,pillar-employee-generated-content,,official_search_blog,US,en,"Fri, 15 May 2026 00:00:00 +0000",,,,,,,,latest_public_feed,discovery_only,Official Google Search Central feed. Discovery only; verify facts against the canonical post before citing.
dq-0058,public-trends-ahrefs-blog-20260618,public_source_trend_export,What is an AI Agent? A Plain-English Guide,what is an ai agent a plain-english guide,definition,unknown,pillar-employee-generated-content,,seo_research_blog,US,en,"Thu, 18 Jun 2026 13:39:36 +0000",,,,,,,,latest_public_feed,discovery_only,Ahrefs SEO and AI-search feed. Discovery only; use primary research pages as evidence only after Source Registry review.
dq-0059,public-trends-ahrefs-blog-20260618,public_source_trend_export,10 SEO Trends I’ve Seen Firsthand in 2026 (With Data),10 seo trends i ve seen firsthand in 2026 with data,other,unknown,pillar-employee-generated-content,,seo_research_blog,US,en,"Thu, 18 Jun 2026 12:00:14 +0000",,,,,,,,latest_public_feed,discovery_only,Ahrefs SEO and AI-search feed. Discovery only; use primary research pages as evidence only after Source Registry review.
dq-0060,public-trends-ahrefs-blog-20260618,public_source_trend_export,11 Ways to Automate SEO with Agent A,11 ways to automate seo with agent a,other,unknown,pillar-employee-generated-content,,seo_research_blog,US,en,"Wed, 17 Jun 2026 16:27:57 +0000",,,,,,,,latest_public_feed,discovery_only,Ahrefs SEO and AI-search feed. Discovery only; use primary research pages as evidence only after Source Registry review.
dq-0061,public-trends-ahrefs-blog-20260618,public_source_trend_export,How I Use My AI Marketing Assistant After 200+ Hours,how i use my ai marketing assistant after 200 hours,other,unknown,pillar-employee-generated-content,,seo_research_blog,US,en,"Mon, 15 Jun 2026 13:28:54 +0000",,,,,,,,latest_public_feed,discovery_only,Ahrefs SEO and AI-search feed. Discovery only; use primary research pages as evidence only after Source Registry review.
dq-0062,public-trends-ahrefs-blog-20260618,public_source_trend_export,We Analyzed 137K Sites: 97% of llms.txt Files Never Get Read,we analyzed 137k sites 97 of llms txt files never get read,other,unknown,pillar-employee-generated-content,,seo_research_blog,US,en,"Mon, 15 Jun 2026 10:27:40 +0000",,,,,,,,latest_public_feed,discovery_only,Ahrefs SEO and AI-search feed. Discovery only; use primary research pages as evidence only after Source Registry review.
dq-0063,public-trends-ahrefs-blog-20260618,public_source_trend_export,How to Level-up From SEO Tactician to Search Visibility Leader,how to level-up from seo tactician to search visibility leader,how_to,unknown,pillar-measurement-learning,,seo_research_blog,US,en,"Mon, 08 Jun 2026 09:00:25 +0000",,,,,,,,latest_public_feed,discovery_only,Ahrefs SEO and AI-search feed. Discovery only; use primary research pages as evidence only after Source Registry review.
dq-0064,public-trends-ahrefs-blog-20260618,public_source_trend_export,9 Vibe Coding Examples: AI Apps You Can Use Right Now to Grow Your Website,9 vibe coding examples ai apps you can use right now to grow your website,examples,unknown,pillar-examples-case-studies,,seo_research_blog,US,en,"Fri, 05 Jun 2026 14:39:18 +0000",,,,,,,,latest_public_feed,discovery_only,Ahrefs SEO and AI-search feed. Discovery only; use primary research pages as evidence only after Source Registry review.
dq-0065,public-trends-semrush-blog-20260618,public_source_trend_export,Why category entry points belong in every AI search strategy,why category entry points belong in every ai search strategy,other,unknown,pillar-employee-generated-content,,seo_ai_search_blog,US,en,"Thu, 18 Jun 2026 14:19:00 +0000",,,,,,,,latest_public_feed,discovery_only,Semrush SEO and AI-search feed. Discovery only; validate any claim against the canonical post and accepted source policy.
dq-0066,public-trends-semrush-blog-20260618,public_source_trend_export,What is AI sentiment analysis? A marketer’s guide,what is ai sentiment analysis a marketer s guide,definition,unknown,pillar-employee-generated-content,,seo_ai_search_blog,US,en,"Mon, 15 Jun 2026 16:21:00 +0000",,,,,,,,latest_public_feed,discovery_only,Semrush SEO and AI-search feed. Discovery only; validate any claim against the canonical post and accepted source policy.
dq-0067,public-trends-semrush-blog-20260618,public_source_trend_export,Bot traffic now exceeds traffic from human users,bot traffic now exceeds traffic from human users,measurement,unknown,pillar-measurement-learning,,seo_ai_search_blog,US,en,"Sat, 13 Jun 2026 08:27:00 +0000",,,,,,,,latest_public_feed,discovery_only,Semrush SEO and AI-search feed. Discovery only; validate any claim against the canonical post and accepted source policy.
dq-0068,public-trends-semrush-blog-20260618,public_source_trend_export,12 SEO writing tips to earn visibility [2026],12 seo writing tips to earn visibility 2026,measurement,unknown,pillar-measurement-learning,,seo_ai_search_blog,US,en,"Wed, 10 Jun 2026 13:59:00 +0000",,,,,,,,latest_public_feed,discovery_only,Semrush SEO and AI-search feed. Discovery only; validate any claim against the canonical post and accepted source policy.
dq-0069,public-trends-semrush-blog-20260618,public_source_trend_export,How rtCamp closed the AI perception gap costing them enterprise deals,how rtcamp closed the ai perception gap costing them enterprise deals,other,unknown,pillar-employee-generated-content,,seo_ai_search_blog,US,en,"Wed, 10 Jun 2026 07:11:00 +0000",,,,,,,,latest_public_feed,discovery_only,Semrush SEO and AI-search feed. Discovery only; validate any claim against the canonical post and accepted source policy.
dq-0070,public-trends-semrush-blog-20260618,public_source_trend_export,Why 62% of AI citations don’t lead to brand mentions [Study],why 62 of ai citations don t lead to brand mentions study,measurement,unknown,pillar-measurement-learning,,seo_ai_search_blog,US,en,"Tue, 09 Jun 2026 13:00:00 +0000",,,,,,,,latest_public_feed,discovery_only,Semrush SEO and AI-search feed. Discovery only; validate any claim against the canonical post and accepted source policy.
dq-0071,public-trends-semrush-blog-20260618,public_source_trend_export,How to decide which AI search prompts to track,how to decide which ai search prompts to track,how_to,unknown,pillar-employee-generated-content,,seo_ai_search_blog,US,en,"Tue, 09 Jun 2026 10:05:00 +0000",,,,,,,,latest_public_feed,discovery_only,Semrush SEO and AI-search feed. Discovery only; validate any claim against the canonical post and accepted source policy.
dq-0072,public-trends-semrush-blog-20260618,public_source_trend_export,Google's AI search optimization guide: what to do next,google s ai search optimization guide what to do next,other,unknown,pillar-employee-generated-content,,seo_ai_search_blog,US,en,"Thu, 04 Jun 2026 17:14:00 +0000",,,,,,,,latest_public_feed,discovery_only,Semrush SEO and AI-search feed. Discovery only; validate any claim against the canonical post and accepted source policy.
dq-0073,public-trends-hubspot-marketing-blog-20260618,public_source_trend_export,How to rank in AI search results: Expert best practices,how to rank in ai search results expert best practices,how_to,unknown,pillar-employee-generated-content,,marketing_blog,US,en,"Thu, 18 Jun 2026 11:00:03 GMT",,,,,,,,latest_public_feed,discovery_only,"HubSpot marketing feed. Discovery only; use for topic/source leads, not factual evidence by default."
dq-0074,public-trends-hubspot-marketing-blog-20260618,public_source_trend_export,How to get indexed by ChatGPT [2026],how to get indexed by chatgpt 2026,how_to,unknown,pillar-employee-generated-content,,marketing_blog,US,en,"Thu, 11 Jun 2026 11:00:02 GMT",,,,,,,,latest_public_feed,discovery_only,"HubSpot marketing feed. Discovery only; use for topic/source leads, not factual evidence by default."
dq-0075,public-trends-hubspot-marketing-blog-20260618,public_source_trend_export,FAQs for AEO: How to structure answers that rank in answer engines,faqs for aeo how to structure answers that rank in answer engines,how_to,unknown,pillar-employee-generated-content,,marketing_blog,US,en,"Wed, 10 Jun 2026 11:00:05 GMT",,,,,,,,latest_public_feed,discovery_only,"HubSpot marketing feed. Discovery only; use for topic/source leads, not factual evidence by default."
dq-0076,public-trends-hubspot-marketing-blog-20260618,public_source_trend_export,Schema markup for AEO: How to implement it to boost answer engine visibility in 2026,schema markup for aeo how to implement it to boost answer engine visibility in 2026,how_to,unknown,pillar-measurement-learning,,marketing_blog,US,en,"Tue, 09 Jun 2026 11:00:02 GMT",,,,,,,,latest_public_feed,discovery_only,"HubSpot marketing feed. Discovery only; use for topic/source leads, not factual evidence by default."
dq-0077,public-trends-hubspot-marketing-blog-20260618,public_source_trend_export,Keyword research for AEO: A guide for winning answer engine traffic in 2026,keyword research for aeo a guide for winning answer engine traffic in 2026,measurement,unknown,pillar-measurement-learning,,marketing_blog,US,en,"Mon, 08 Jun 2026 11:00:03 GMT",,,,,,,,latest_public_feed,discovery_only,"HubSpot marketing feed. Discovery only; use for topic/source leads, not factual evidence by default."
dq-0078,public-trends-hubspot-marketing-blog-20260618,public_source_trend_export,On-page content formats answer engines actually favor [new research],on-page content formats answer engines actually favor new research,other,unknown,pillar-employee-generated-content,,marketing_blog,US,en,"Wed, 03 Jun 2026 11:00:03 GMT",,,,,,,,latest_public_feed,discovery_only,"HubSpot marketing feed. Discovery only; use for topic/source leads, not factual evidence by default."
dq-0079,public-trends-hubspot-sales-blog-20260618,public_source_trend_export,6 best AI prospecting tools: Our picks for 2026,6 best ai prospecting tools our picks for 2026,vendor_evaluation,unknown,pillar-employee-generated-content,,sales_blog,US,en,"Thu, 09 Apr 2026 11:00:02 GMT",,,,,,,,latest_public_feed,discovery_only,HubSpot sales feed. Discovery only; use for GTM language and source-discovery leads.
dq-0080,public-trends-hubspot-sales-blog-20260618,public_source_trend_export,Sales outreach tools that integrate with your CRM: Our favorite picks for 2026,sales outreach tools that integrate with your crm our favorite picks for 2026,vendor_evaluation,unknown,pillar-employee-generated-content,,sales_blog,US,en,"Fri, 03 Apr 2026 11:00:03 GMT",,,,,,,,latest_public_feed,discovery_only,HubSpot sales feed. Discovery only; use for GTM language and source-discovery leads.
dq-0081,public-trends-hubspot-sales-blog-20260618,public_source_trend_export,Future of AI in customer relationship management: what's coming next,future of ai in customer relationship management what s coming next,other,unknown,pillar-employee-generated-content,,sales_blog,US,en,"Fri, 23 Jan 2026 12:00:03 GMT",,,,,,,,latest_public_feed,discovery_only,HubSpot sales feed. Discovery only; use for GTM language and source-discovery leads.
dq-0082,public-trends-hubspot-sales-blog-20260618,public_source_trend_export,Real AI CRM use cases driving revenue growth in 2025,real ai crm use cases driving revenue growth in 2025,other,unknown,pillar-employee-generated-content,,sales_blog,US,en,"Fri, 23 Jan 2026 12:00:02 GMT",,,,,,,,latest_public_feed,discovery_only,HubSpot sales feed. Discovery only; use for GTM language and source-discovery leads.
dq-0083,public-trends-hubspot-sales-blog-20260618,public_source_trend_export,5 best AI CRMs for real estate agents: The 2026 roundup,5 best ai crms for real estate agents the 2026 roundup,vendor_evaluation,unknown,pillar-employee-generated-content,,sales_blog,US,en,"Fri, 16 Jan 2026 12:00:03 GMT",,,,,,,,latest_public_feed,discovery_only,HubSpot sales feed. Discovery only; use for GTM language and source-discovery leads.
dq-0084,public-trends-linkedin-marketing-blog-20260618,public_source_trend_export,How to Prove Incremental Marketing Impact with LinkedIn's New Tools,how to prove incremental marketing impact with linkedin s new tools,how_to,unknown,pillar-linkedin-led-gtm,,linkedin_marketing_blog,US,en,"Thu, 18 Jun 2026 00:00:00 +0000",,,,,,,,latest_public_feed,discovery_only,LinkedIn Marketing public RSS feed. Discovery only; validate against canonical source pages before citing.
dq-0085,public-trends-linkedin-marketing-blog-20260618,public_source_trend_export,"The Multiplier Effect: How LinkedIn Ads Boosts Search, Content, and Pipeline",the multiplier effect how linkedin ads boosts search content and pipeline,other,unknown,pillar-linkedin-led-gtm,,linkedin_marketing_blog,US,en,"Wed, 17 Jun 2026 00:00:00 +0000",,,,,,,,latest_public_feed,discovery_only,LinkedIn Marketing public RSS feed. Discovery only; validate against canonical source pages before citing.
dq-0086,public-trends-linkedin-marketing-blog-20260618,public_source_trend_export,Fear of Messing Up: The Hidden Emotion Driving B2B Decisions,fear of messing up the hidden emotion driving b2b decisions,other,unknown,pillar-employee-generated-content,,linkedin_marketing_blog,US,en,"Mon, 15 Jun 2026 00:00:00 +0000",,,,,,,,latest_public_feed,discovery_only,LinkedIn Marketing public RSS feed. Discovery only; validate against canonical source pages before citing.
dq-0087,public-trends-linkedin-marketing-blog-20260618,public_source_trend_export,The Principles of Buyability: Why Strong Deals Stall and What Separates the Vendors Who Get Chosen,the principles of buyability why strong deals stall and what separates the vendors who get chosen,vendor_evaluation,unknown,pillar-employee-generated-content,,linkedin_marketing_blog,US,en,"Thu, 11 Jun 2026 00:00:00 +0000",,,,,,,,latest_public_feed,discovery_only,LinkedIn Marketing public RSS feed. Discovery only; validate against canonical source pages before citing.
dq-0088,public-trends-linkedin-marketing-blog-20260618,public_source_trend_export,How to Grow Your AI Search Visibility With LinkedIn Content,how to grow your ai search visibility with linkedin content,how_to,unknown,pillar-linkedin-led-gtm,,linkedin_marketing_blog,US,en,"Tue, 09 Jun 2026 00:00:00 +0000",,,,,,,,latest_public_feed,discovery_only,LinkedIn Marketing public RSS feed. Discovery only; validate against canonical source pages before citing.
